GEM_ID;Gemeinde_Name;Bez_Name;Bez_ID;Region_ID;Region_Name;BfS_GEM_ID;E;N;HeuteJura1Laufental2;HöheüM;Häu;Haush;Wohnb;M;F;Prot;Kat;Isr;And;Deu;Fran;Ita;Rom;And2;ErwT;LWS;Gew;HandVer;TB;PopDens;urbanity;Total_rain
1;Aarberg;Aarberg;1;3;Seeland;301;587587;210292;0;459;193;358;1580;762;818;1489;65;19;7;1530;30;13;1;6;708;145;323;140;43;198.51;0;49164.34383
2;Aarwangen;Aarwangen;2;4;Oberaargau;321;624590;232268;0;440;280;419;1909;970;939;1878;30;0;1;1899;7;1;1;1;790;221;371;100;56;193.14;0;52295.49064
3;Adelboden;Frutigen;12;7;Oberland;561;609227;149073;0;1356;435;460;2045;1019;1026;2001;33;1;10;2021;18;0;1;5;856;452;159;139;35;23.154;0;68576.99604
4;Aefligen;Burgdorf;6;4;Oberaargau;401;608588;216085;0;499;70;112;544;276;268;537;1;0;6;541;1;1;0;1;248;99;117;17;11;261.377;0;51050.02383
5;Aegerten;Nidau;19;3;Seeland;731;588846;218917;0;438;86;157;712;342;170;696;0;0;7;702;9;0;0;0;311;64;175;45;25;320.386;0;57478.95551
6;Aeschi;Frutigen;12;7;Oberland;562;619578;167663;0;859;251;287;1248;627;621;1226;20;0;2;1231;9;5;0;3;570;362;110;55;19;40.259;0;66858.0131
7;Affoltern;Trachselwald;29;4;Oberaargau;951;622327;212876;0;800;180;200;1162;613;549;1159;1;0;1;1162;0;0;0;0;539;363;111;29;14;100.093;0;55862.81941
8;Albligen;Schwarzenburg;25;6;Voralpen;855;590638;188902;0;704;99;129;661;332;329;661;0;0;0;660;1;0;0;0;218;122;72;18;23;156.023;0;54573.24916
9;Alchenstorf;Burgdorf;6;4;Oberaargau;402;615228;219502;0;505;86;126;665;356;309;662;1;0;2;663;2;0;0;0;278;159;85;11;20;100.826;0;52484.80947
10;Alle;Puntrut;23;1;Jura;6771;576618;252986;1;449;240;281;1213;594;619;106;1098;0;9;65;1144;4;0;0;578;182;316;42;41;113.754;0;60477.41272
11;Amsoldingen;Thun;28;6;Voralpen;921;610744;175115;0;646;100;116;500;266;234;495;4;0;1;490;10;0;0;0;208;103;64;14;23;104.453;0;48716.59789
12;Arch;Büren;5;3;Seeland;381;599158;223655;0;450;104;141;726;383;343;694;26;0;6;716;9;1;0;0;313;137;147;18;16;112.938;0;55308.32108
13;Arni;Konolfingen;14;6;Voralpen;602;617473;198361;0;849;192;226;1124;590;534;1119;1;0;4;1124;0;0;0;0;497;311;115;27;16;107.6;0;53556.98573
14;Asuel;Puntrut;23;1;Jura;6810;582684;250006;1;575;62;71;336;159;177;8;325;0;3;11;325;0;0;0;169;95;45;12;8;33.133;0;60798.9074
15;Attiswil;Wangen;30;4;Oberaargau;971;613438;233298;0;480;149;199;973;497;476;943;24;0;6;970;2;1;0;0;406;153;203;24;22;127.307;0;53098.36674
16;Ausserbirrmoos;Konolfingen;14;6;Voralpen;614;616728;188472;0;868;81;93;517;263;254;516;1;0;0;514;3;0;0;0;236;180;31;8;17;114.27;0;55053.72453
17;Auswil;Aarwangen;2;4;Oberaargau;322;629894;220484;0;672;83;98;548;275;273;538;1;0;9;546;1;1;0;0;233;165;44;9;8;119.131;0;54759.8949
18;Ballmoos;Fraubrunnen;11;3;Seeland;540;602829;209940;0;570;8;8;44;30;14;44;0;0;0;44;0;0;0;0;34;32;0;1;1;31.389;0;50128.73809
19;Bangerten;Fraubrunnen;11;3;Seeland;310;600685;211745;0;591;29;34;174;97;77;173;1;0;0;173;1;0;0;0;82;49;19;5;0;;;
20;Bannwil;Aarwangen;2;4;Oberaargau;323;622058;231872;0;437;99;140;625;338;287;617;8;0;0;624;1;0;0;0;289;114;134;17;16;130.794;0;51944.19116
21;Bargen;Aarberg;1;3;Seeland;302;586219;209918;0;452;129;167;708;350;358;702;6;0;0;706;1;1;0;0;317;176;94;23;12;90.36;0;50431.92789
22;Bäriswil;Burgdorf;6;4;Oberaargau;403;607230;207387;0;549;70;122;496;245;251;491;3;0;2;495;1;0;0;0;207;60;99;22;18;181.436;0;50281.47031
23;Bassecourt;Delémont;8;1;Jura;6729;585601;242562;1;481;183;250;1171;591;580;112;1055;0;4;131;1011;29;0;0;500;140;255;50;28;75.291;0;61770.88029
24;Bätterkinden;Fraubrunnen;11;3;Seeland;533;607717;219783;0;476;193;329;1534;782;752;1493;31;0;10;1508;12;13;1;0;687;214;367;61;41;152.567;0;52674.15953
25;Beatenberg;Interlaken;13;7;Oberland;571;626979;171682;0;1148;211;261;1081;535;546;1049;20;6;6;1059;9;1;6;6;527;270;111;99;37;37.147;0;64569.69715
26;Bellmund;Nidau;19;3;Seeland;732;585332;217350;0;508;61;79;353;177;176;351;2;0;0;349;3;0;0;0;163;84;58;12;11;94.508;0;57451.61187
27;Belp;Seftigen;26;6;Voralpen;861;605376;193544;0;521;342;649;3235;1607;1628;3172;50;0;13;3199;21;410;2;3;1357;328;743;143;50;183.982;0;53884.86655
28;Belpberg;Seftigen;26;6;Voralpen;861;606303;190691;0;802;71;82;474;250;224;472;1;0;1;470;0;0;0;1;189;130;38;9;6;84.067;0;53594.95201
29;Belprahon;Moutier;17;1;Jura;681;597523;237274;0;630;25;34;131;70;61;106;24;0;1;45;86;0;0;0;74;30;27;6;4;33.014;0;57909.39719
30;Bémont;Franches Montagnes;10;1;Jura;6741;567857;235019;1;988;81;91;429;231;198;20;408;0;1;19;409;1;0;0;197;122;30;18;7;36.536;0;62009.81475
31;Bern;Bern;3;5;Mittelland Bern;351;601018;203269;0;543;7516;23957;104626;48253;56373;89656;12225;1039;1706;95995;5396;1963;143;1129;48506;652;21214;15313;2860;3306.645;1;50212.12598
32;Bettenhausen;Wangen;30;4;Oberaargau;973;621201;224744;0;482;55;95;403;205;198;402;1;0;0;399;3;1;0;0;171;51;79;14;6;203.339;0;51439.336
33;Beurnevésin;Puntrut;23;1;Jura;6773;577283;260351;1;424;52;60;246;117;129;21;224;0;1;22;221;3;0;0;126;67;31;9;8;47.223;0;59621.85051
34;Bévilard;Moutier;17;1;Jura;717;588575;231647;0;694;92;189;851;410;441;783;63;2;3;147;694;10;0;0;370;46;289;11;16;152.477;0;60554.04451
35;Biel;Biel;4;3;Seeland;371;585367;221241;0;442;2729;8472;34599;16382;18217;28054;5518;439;588;23059;10440;911;31;158;17187;201;19185;3188;727;1624.948;1;60758.82846
36;Biglen;Konolfingen;14;6;Voralpen;603;614487;197671;0;750;146;222;1097;529;568;1087;9;0;1;1086;5;5;0;1;473;170;214;42;12;300.987;0;53226.05634
37;Blauen;Laufen;15;2;Laufental;2781;606018;255493;2;563;42;63;310;159;151;7;303;0;0;304;6;0;0;0;1471;78;58;3;4;43.494;0;56817.31579
38;Bleienbach;Aarwangen;2;4;Oberaargau;324;624420;225866;0;495;129;190;748;374;374;740;8;0;0;745;3;0;0;0;333;122;120;38;18;130.816;0;52082.49868
39;Blumenstein;Thun;28;6;Voralpen;922;606586;176791;0;661;174;206;899;483;416;898;1;0;0;897;2;0;0;0;361;203;109;19;21;57.528;0;55953.49818
40;Boécourt;Delémont;8;1;Jura;6702;583401;244200;1;520;124;133;640;321;319;17;622;0;1;9;630;1;0;0;273;156;78;11;12;51.608;0;61332.59469
41;Bolligen;Bern;3;5;Mittelland Bern;352;604386;202664;0;584;635;1382;7059;3619;3440;6739;254;2;64;6849;97;96;1;16;2861;524;1520;412;164;424.756;0;49482.89981
42;Bollodingen;Wangen;30;4;Oberaargau;973;620243;223947;0;479;38;48;240;122;118;239;1;0;0;238;1;1;0;0;108;50;35;16;6;118.691;0;51736.26448
43;Boltigen;Obersimmental;22;7;Oberland;791;596602;164351;0;824;376;432;1873;984;889;1859;14;0;0;1865;5;2;1;0;795;505;118;73;59;24.248;0;70451.69354
44;Boncourt;Puntrut;23;1;Jura;6774;567945;260718;1;372;203;264;1120;545;575;155;960;4;1;129;971;17;0;3;590;151;254;118;24;124.777;0;59882.04256
45;Bonfol;Puntrut;23;1;Jura;6775;578055;258792;1;435;214;284;1173;567;606;116;1051;1;5;111;1056;6;0;0;500;107;253;61;43;86.799;0;59723.31505
46;Bönigen;Interlaken;13;7;Oberland;572;634788;170619;0;569;1321;410;1544;780;764;1510;31;0;3;1536;6;0;1;1;657;129;294;141;51;102.741;0;68116.22249
47;Bowil;Konolfingen;14;6;Voralpen;605;619777;193481;0;736;235;300;1532;796;736;1527;2;0;3;1532;0;0;0;0;673;439;150;28;17;104.83;0;54773.20979
48;Bremgarten;Bern;3;5;Mittelland Bern;353;599674;203050;0;500;77;201;1034;516;518;977;41;0;16;1018;4;12;0;0;432;34;293;53;26;535.027;0;48295.53078
49;Brenzikofen;Konolfingen;14;6;Voralpen;606;613367;185013;0;595;56;79;341;176;165;340;0;0;1;341;0;0;0;0;156;76;50;10;14;150.847;0;53915.2177
50;Bressaucourt;Puntrut;23;1;Jura;6790;569668;248617;1;534;78;93;424;201;293;34;389;0;1;35;389;0;0;0;196;94;63;13;22;44.605;0;61135.97506
51;Breuleux;Franches Montagnes;10;1;Jura;6743;567088;229154;1;1030;149;281;1332;656;676;51;1281;0;0;44;1278;10;0;0;628;102;454;39;30;125.075;0;64616.05891
52;Brienz;Interlaken;13;7;Oberland;573;644686;178505;0;570;307;629;2474;1222;1252;2402;68;0;4;2455;13;4;2;0;1070;270;499;164;93;51.544;0;66951.59344
53;Brienzwiler;Interlaken;13;7;Oberland;574;650453;177876;0;690;125;170;594;302;292;588;6;0;0;594;0;0;0;0;292;128;90;51;15;0;0;68267.85338
54;Brislach;Laufen;15;2;Laufental;2782;607863;252003;2;376;72;91;451;222;229;58;392;0;1;437;14;0;0;0;241;125;94;7;10;47.955;0;56556.13721
55;Brügg;Nidau;19;3;Seeland;733;587820;219185;0;440;168;305;1328;636;692;1292;34;0;2;1293;34;0;0;0;570;80;346;85;44;266.998;0;57856.61947
56;Brüttelen;Erlach;9;3;Seeland;491;577860;207961;0;453;88;114;559;265;294;555;3;1;0;553;4;2;0;0;245;194;26;11;17;83.273;0;55618.07764
57;Buchholterberg;Thun;28;6;Voralpen;923;619583;186405;0;1006;259;279;1494;760;734;1487;2;0;5;1493;1;0;0;0;630;462;105;28;34;97.862;0;56674.4687
58;Büetigen;Büren;5;3;Seeland;382;592604;217290;0;450;89;122;507;256;251;498;7;0;2;500;4;3;0;0;214;77;105;15;14;142.055;0;55951.4498
59;Bühl;Nidau;19;3;Seeland;734;585410;213215;0;468;47;49;241;127;114;237;4;0;0;234;5;0;0;0;115;87;17;5;4;81.616;0;53405.27033
60;Buix;Puntrut;23;1;Jura;6807;569079;258819;1;387;126;148;554;260;294;17;536;1;0;19;534;1;0;0;256;117;96;11;22;66.686;0;59999.9364
61;Bümpliz;Bern;3;5;Mittelland Bern;351;596229;198090;0;559;;;;;;;;;;;;;;;;;;;72;;;
62;Bure;Puntrut;23;1;Jura;6778;567367;254537;1;584;142;154;628;312;316;20;608;0;0;23;603;2;0;0;290;183;75;7;23;45.674;0;60398.22932
63;Büren an der Aare;Büren;5;3;Seeland;383;594892;220671;0;440;274;489;2252;1124;1128;2124;121;3;4;2109;109;28;0;0;1045;211;623;115;56;178.72;0;56600.06185
64;Büren zum Hof;Fraubrunnen;11;3;Seeland;538;605702;216089;0;514;55;59;282;158;124;280;2;0;0;277;5;0;0;0;140;82;39;8;8;82.456;0;51794.19489
65;Burgdorf;Burgdorf;6;4;Oberaargau;404;614744;211895;0;550;882;2182;9447;4536;4911;8781;581;43;42;9260;127;45;6;9;4099;182;2129;1086;245;606.754;0;49622.50397
66;Burgistein;Seftigen;26;6;Voralpen;863;605080;182792;0;775;178;208;997;514;483;992;5;0;0;995;1;1;0;0;414;282;82;28;20;133.373;0;53378.47238
67;Busswil b. Büren;Büren;5;3;Seeland;306;591179;216628;0;440;86;123;584;310;274;541;31;11;1;554;9;21;0;0;254;61;134;40;10;193.399;0;55894.83494
68;Busswil b. Melchnau;Aarwangen;2;4;Oberaargau;325;629509;226199;0;575;47;63;281;138;143;281;0;0;0;279;2;0;0;0;120;83;19;5;8;98.145;0;53500.83982
69;Champoz;Moutier;17;1;Jura;683;589397;233858;0;860;33;45;220;108;112;218;1;1;0;34;166;0;0;0;77;54;13;4;1;30.843;0;60324.17008
70;Charmoille;Puntrut;23;1;Jura;6810;582573;252385;1;528;101;109;562;230;332;55;506;0;1;59;502;1;0;0;222;118;67;13;17;62.12;0;60055.60808
71;Châtelat;Moutier;17;1;Jura;716;581521;235713;0;812;31;34;199;101;98;183;15;0;1;123;76;0;0;0;81;59;11;3;4;47.79;0;65516.31338
72;Châtillon;Moutier;17;1;Jura;6704;592910;241729;1;532;41;52;299;160;139;30;268;1;0;36;263;0;0;0;120;45;54;1;6;56.349;0;59369.26208
73;Chevenez;Puntrut;23;1;Jura;6809;566980;249085;1;498;187;202;862;438;424;39;823;0;0;43;817;2;0;0;408;251;110;12;46;39.582;0;60934.41189
74;Coeuve;Puntrut;23;1;Jura;6781;574178;256028;1;447;158;168;699;364;335;7;692;0;0;16;681;2;0;0;337;238;67;8;22;59.661;0;60192.95103
75;Corcelles;Moutier;17;1;Jura;687;601652;237119;0;655;34;48;177;98;79;132;45;0;0;100;77;0;0;0;74;44;14;5;2;25.986;0;56428.95169
76;Corgémont;Courtelary;7;1;Jura;431;577433;227076;0;668;131;328;1284;627;657;1206;69;0;9;361;906;17;0;0;723;114;535;40;34;72.879;0;59340.31677
77;Cormoret;Courtelary;7;1;Jura;432;570847;224731;0;711;89;199;739;348;391;692;42;0;5;115;620;4;0;0;361;46;257;24;13;55.417;0;62539.77073
78;Cornol;Puntrut;23;1;Jura;6782;579258;250601;1;525;176;208;942;461;481;76;866;0;0;79;856;7;0;0;465;155;242;20;49;90.122;0;60785.87783
79;Cortébert;Courtelary;7;1;Jura;433;574842;226791;0;686;103;187;788;390;398;708;78;0;2;251;520;17;0;0;435;97;293;24;17;54.103;0;57716.68635
80;Courchavon;Puntrut;23;1;Jura;6783;571056;254530;1;410;69;69;292;146;146;26;266;0;0;9;281;2;0;0;151;57;69;13;15;47.205;0;60418.67245
81;Courfaivre;Delémont;8;1;Jura;6729;587730;242423;1;470;144;190;836;413;423;73;760;0;3;75;754;6;0;1;374;139;159;34;6;67.62;0;60922.77339
82;Courgenay;Puntrut;23;1;Jura;6784;576418;250299;1;487;291;383;1480;700;780;240;1238;0;2;228;1230;22;0;0;754;253;342;79;45;80.354;0;61114.65675
83;Courrendlin;Moutier;17;1;Jura;6708;595514;243057;1;441;103;407;2009;1083;926;685;1316;0;8;925;1064;19;0;1;873;103;651;74;61;180.917;0;58681.48768
84;Courroux;Delémont;8;1;Jura;6709;595224;246036;1;421;198;320;1570;829;741;356;1212;1;1;400;1144;26;0;0;665;211;324;59;14;79.014;0;58261.31198
85;Court;Moutier;17;1;Jura;690;591942;232121;0;671;170;280;1292;642;650;1130;157;0;5;408;870;14;0;0;573;123;344;45;34;52.716;0;58651.50218
86;Courtedoux;Puntrut;23;1;Jura;6785;570105;250952;1;462;116;152;679;334;345;41;636;0;2;36;642;1;0;0;325;89;180;22;26;83.65;0;60735.76693
87;Courtelary;Courtelary;7;1;Jura;434;571999;225537;0;699;142;278;1268;660;608;1198;62;3;5;279;975;12;0;2;565;108;313;65;20;57.081;0;58520.14865
88;Courtemaîche;Puntrut;23;1;Jura;6807;570363;256509;1;410;126;166;776;391;385;10;766;0;0;5;764;0;0;0;380;80;258;24;26;87.071;0;60183.04253
89;Courtételle;Delémont;8;1;Jura;6710;591288;242933;1;453;175;254;1261;590;671;229;1029;0;3;205;1053;3;0;0;504;151;254;58;55;93.562;0;59965.56811
90;Crémines;Moutier;17;1;Jura;691;600235;237199;0;617;73;119;512;258;254;394;118;0;0;254;256;2;0;0;208;73;79;33;15;54.673;0;56802.70744
91;Damphreux;Puntrut;23;1;Jura;6787;574655;258508;1;421;59;63;289;143;146;20;268;0;1;40;249;0;0;0;135;88;31;6;15;51.452;0;59917.1899
92;Damvant;Puntrut;23;1;Jura;6809;559098;247002;1;612;61;74;280;136;144;23;257;0;0;14;264;2;0;0;137;65;39;8;11;55.283;0;60880.85717
93;Därligen;Interlaken;13;7;Oberland;575;628265;167887;0;564;78;92;391;206;185;381;9;0;1;389;0;2;0;0;181;39;87;38;16;57.313;0;67118.99904
94;Därstetten;Niedersimmental;20;7;Oberland;761;604369;167508;0;734;172;196;832;428;404;829;2;0;1;821;4;2;5;0;375;254;52;31;44;25.345;0;63525.29882
95;Deisswil;Fraubrunnen;11;3;Seeland;535;601141;209589;0;538;16;19;112;64;48;111;1;0;0;112;0;0;0;0;56;50;5;0;3;50.97;0;49968.62305
96;Delémont;Delémont;8;1;Jura;6711;591968;245909;1;434;712;1459;6583;3179;3404;2390;4049;74;70;1933;4471;162;5;12;2745;144;1345;800;35;301.355;0;59269.89091
97;Develier;Delémont;8;1;Jura;6712;589405;245219;1;475;113;137;616;322;294;191;425;0;0;182;433;1;0;0;265;158;66;10;182;49.751;0;60294.85743
98;Dicki;Laupen;16;3;Seeland;666;583344;195456;0;539;65;73;386;202;184;384;2;0;0;384;2;0;0;0;160;108;28;9;3;80.893;0;54279.97479
99;Diemerswil;Fraubrunnen;11;3;Seeland;536;599186;207560;0;609;36;42;249;133;116;237;9;0;3;249;0;0;0;0;113;58;33;8;5;87.757;0;49613.96952
100;Diemtigen;Niedersimmental;20;7;Oberland;762;609759;166469;0;810;353;416;1913;1019;924;1933;8;1;1;1927;3;3;0;10;873;578;156;75;56;14.74;0;66959.86971
101;Diessbach;Büren;5;3;Seeland;385;594450;217327;0;465;129;167;791;413;378;773;11;0;7;771;12;8;0;0;338;168;113;20;35;124.751;0;55220.42157
102;Diesse;Neuveville;18;1;Jura;726;575621;217968;0;850;66;77;372;198;174;353;19;0;0;30;342;0;0;0;169;93;60;2;5;39.59;0;59734.51415
103;Dittingen;Laufen;15;2;Laufental;2784;604420;254420;2;407;57;75;416;232;184;40;376;0;0;411;3;1;0;1;192;63;88;16;14;62.375;0;56969.68686
104;Dotzigen;Büren;5;3;Seeland;386;592939;218969;0;444;96;147;762;385;377;753;9;0;0;748;12;2;0;0;306;62;196;30;12;180.794;0;56679.17179
105;Duggingen;Laufen;15;2;Laufental;2785;612686;255625;2;342;91;112;501;257;244;71;430;0;0;489;8;4;0;0;217;64;109;29;18;85.37;0;56301.65199
106;Dürrenroth;Trachselwald;29;4;Oberaargau;952;627144;215375;0;697;241;290;1463;757;706;1460;3;0;0;1459;4;0;0;0;703;427;176;36;18;103.742;0;56027.22025
107;Eggiwil;Signau;27;6;Voralpen;901;627500;191639;0;744;456;490;2787;1477;1310;2771;6;0;10;2783;2;2;0;0;1177;889;166;43;36;46.209;0;58260.88886
108;Enfers;Franches Montagnes;10;1;Jura;6745;570166;237533;0;958;26;33;171;96;75;27;144;0;0;16;155;0;0;0;73;58;10;1;4;23.921;0;62118.40899
109;Englisberg;Seftigen;26;6;Voralpen;888;602268;194088;0;825;36;42;544;295;249;540;3;1;0;538;6;0;0;0;100;73;15;3;26;125.796;0;53505.02936
110;Epauvillers;Franches Montagnes;10;1;Jura;6808;575584;242753;1;697;52;62;258;123;135;22;236;0;0;24;232;2;0;0;139;87;18;8;3;30.378;0;62450.73843
111;Epsach;Nidau;19;3;Seeland;735;583525;213295;0;462;60;65;315;165;150;310;4;0;1;314;1;0;0;0;151;113;26;5;4;92.664;0;55250.81802
112;Eriswil;Trachselwald;29;4;Oberaargau;953;631296;214204;0;756;265;410;1945;966;979;1943;0;0;2;1944;1;0;0;0;892;367;119;31;34;173.451;0;56399.86162
113;Eriz;Thun;28;6;Voralpen;924;625560;181992;0;990;91;100;604;328;276;604;0;0;0;604;0;0;0;0;242;188;31;7;11;27.706;0;60258.19397
114;Erlach;Erlach;9;3;Seeland;492;573914;210163;0;438;115;202;836;409;427;801;33;0;2;773;56;7;0;0;410;62;239;48;20;235.196;0;58029.34712
115;Erlenbach;Niedersimmental;20;7;Oberland;763;608683;167755;0;705;249;323;1382;690;692;1353;26;0;3;1363;8;1;0;10;622;348;153;56;55;37.658;0;63068.34214
116;Ersigen;Burgdorf;6;4;Oberaargau;405;611694;216074;0;503;133;224;1084;536;498;1023;3;0;8;1029;5;0;0;0;495;210;206;34;27;123.058;0;50847.71525
117;Eschert;Moutier;17;1;Jura;692;596990;236078;0;595;46;58;345;182;163;302;42;0;1;169;174;2;0;0;150;49;73;8;14;53.169;0;57656.82219
118;Etzelkofen;Fraubrunnen;11;3;Seeland;538;603190;214830;0;534;16;57;260;134;126;260;0;0;0;260;0;0;0;0;109;63;29;4;9;93.257;0;51879.88157
119;Evilard;Biel;4;3;Seeland;372;584907;222112;0;705;89;193;816;359;457;743;65;4;4;373;431;7;0;5;345;45;181;53;118;228.159;0;62911.54814
120;Fahrni;Thun;28;6;Voralpen;925;616773;183012;0;852;114;136;777;415;362;776;0;0;1;775;0;2;0;0;2377;301;59;3;19;115.674;0;55344.5152
121;Fahy;Puntrut;23;1;Jura;6789;563066;252013;1;568;112;123;488;239;249;42;446;0;0;43;445;0;0;0;226;138;48;16;14;62.184;0;60553.27291
122;Farnern;Wangen;30;4;Oberaargau;975;613558;235129;0;805;39;54;219;120;99;217;1;0;1;217;2;0;0;0;109;1;23;6;8;59.874;0;53432.56963
123;Ferenbalm;Laupen;16;3;Seeland;662;582704;199720;0;495;158;180;914;505;409;908;5;0;1;905;9;0;0;0;374;237;73;36;7;98.282;0;53737.09356
124;Finsterhennen;Erlach;9;3;Seeland;493;580215;208363;0;449;64;69;347;169;178;347;0;0;0;346;1;0;0;0;167;133;13;8;3;98.851;0;54290.06779
125;Fontenais;Franches Montagnes;10;1;Jura;6790;573011;250302;1;458;25;29;181;103;78;31;150;0;0;22;159;0;0;0;80;60;2;4;;;;
126;Forst;Thun;28;6;Voralpen;948;606397;179138;0;656;55;61;288;155;133;288;0;0;0;287;1;0;0;0;123;80;32;7;6;158.04;0;50861.16248
127;Fraubrunnen;Fraubrunnen;11;3;Seeland;538;605943;214791;0;497;65;93;495;255;240;487;6;0;2;484;11;0;0;0;213;91;63;30;12;64.659;0;51125.75911
128;Frauenkappelen;Laupen;16;3;Seeland;663;592313;200513;0;613;95;124;632;340;292;630;2;0;0;630;2;0;0;0;267;152;68;20;15;67.95;0;51450.11074
129;Frégiécourt;Puntrut;23;1;Jura;6810;581565;251434;1;527;37;39;194;99;95;42;152;0;0;19;175;0;0;0;82;44;27;4;12;56.489;0;60499.18942
130;Freimettigen;Konolfingen;14;6;Voralpen;607;614391;190775;0;676;35;40;234;115;119;234;0;0;0;233;1;0;0;0;86;60;15;5;7;78.497;0;54066.00602
131;Frutigen;Frutigen;12;7;Oberland;563;615641;159666;0;806;808;1069;4743;2376;2367;4689;48;1;5;4713;17;11;0;2;2054;801;790;201;115;66.04;0;67603.30818
132;Gadmen;Oberhasle;21;7;Oberland;784;669877;176756;0;1207;83;116;477;261;216;467;9;0;1;477;0;0;0;0;267;227;27;6;6;4.097;0;83404.06285
133;Gals;Erlach;9;3;Seeland;494;570430;208608;0;445;114;116;757;494;263;727;28;0;2;711;46;0;0;0;259;190;44;12;12;97.21;0;58899.49389
134;Gampelen;Erlach;9;3;Seeland;495;571152;207130;0;440;107;125;741;432;309;696;45;0;0;678;34;0;1;28;303;225;23;23;14;68.458;0;58226.0767
135;Gelterfingen;Seftigen;26;6;Voralpen;865;605874;188153;0;555;43;51;295;149;146;287;7;0;1;293;2;0;0;0;133;104;17;6;2;84.259;0;53514.84109
136;Genevez;Moutier;17;1;Jura;6748;576682;234050;1;1050;107;131;636;320;316;45;591;0;0;38;593;5;0;0;269;83;140;12;11;46.245;0;63409.96061
137;Gerzensee;Seftigen;26;6;Voralpen;866;608298;187468;0;647;131;106;822;411;411;813;9;0;0;816;4;0;0;2;358;205;78;27;14;105.38;0;53467.40999
138;Glovelier;Delémont;8;1;Jura;6729;581948;242333;1;516;116;151;716;363;353;125;590;0;1;114;587;12;0;3;342;156;94;60;15;49.823;0;62930.54097
139;Golaten;Laupen;16;3;Seeland;664;585247;203810;0;523;55;66;332;177;155;330;1;1;0;331;1;0;0;0;131;95;15;4;14;123.467;0;51841.47879
140;Gondiswil;Aarwangen;2;4;Oberaargau;326;632865;221786;0;668;141;192;1088;536;552;1077;10;0;1;1076;3;9;0;0;479;328;105;17;13;116.264;0;54808.91229
141;Goumois;Franches Montagnes;10;1;Jura;6757;563212;234612;1;496;35;47;241;134;107;42;199;0;0;45;196;0;0;0;95;46;27;7;3;28.145;0;62518.65508
142;Graben;Wangen;30;4;Oberaargau;976;621147;229408;0;460;50;62;298;149;149;298;0;0;0;296;2;0;0;0;122;62;43;4;9;93.279;0;51365.2466
143;Grafenried;Fraubrunnen;11;3;Seeland;538;605778;213950;0;526;82;123;602;299;303;599;3;0;0;598;4;0;0;0;248;103;97;20;20;126.916;0;51226.64824
144;Grandfontaine;Puntrut;23;1;Jura;6792;562333;249110;1;550;84;90;403;215;188;6;397;0;0;7;394;2;0;0;184;111;57;4;17;44.75;0;60788.85614
145;Grandval;Moutier;17;1;Jura;694;598893;236628;0;600;52;70;296;146;150;273;23;0;0;109;187;0;0;0;126;58;45;13;6;36.104;0;57312.719
146;Grellingen;Laufen;15;2;Laufental;2786;611396;254605;2;328;129;233;1030;458;572;123;904;0;3;1001;21;8;0;0;496;31;371;59;48;312.631;0;56380.7441
147;Grindelwald;Interlaken;13;7;Oberland;576;646504;163903;0;1050;622;780;2998;1478;1520;2932;63;0;3;2956;24;1;3;14;1391;730;228;322;65;17.586;0;69733.26865
148;Grossaffoltern;Aarberg;1;3;Seeland;303;594457;212806;0;511;333;408;1884;975;909;1867;15;0;2;1873;8;3;0;0;824;414;274;66;43;126;0;53003.64328
149;Grosshöchstetten;Konolfingen;14;6;Voralpen;608;615468;195128;0;754;140;232;1085;532;553;1067;17;0;1;1068;13;3;0;1;463;129;183;84;18;307.257;0;53159.68738
150;Gründlischwand;Interlaken;13;7;Oberland;578;636231;164888;0;663;56;85;336;168;168;327;9;0;0;334;1;1;0;0;137;48;35;43;7;19.873;0;67879.30845
152;Gsteig;Saanen;24;7;Oberland;841;586812;137046;0;1192;167;187;854;465;389;822;31;0;1;814;17;23;0;0;381;245;178;35;11;13.675;0;69696.25421
153;Gsteigwiler;Interlaken;13;7;Oberland;577;633694;167132;0;640;61;104;350;161;189;340;4;0;6;349;1;0;0;0;166;65;39;45;16;50.118;0;68455.07132
154;Guggisberg;Schwarzenburg;25;6;Voralpen;852;591643;179499;0;1118;465;523;2827;1481;1346;2793;15;0;19;2819;7;0;0;1;1172;925;134;33;38;51.521;0;62265.93991
155;Gurbrü;Laupen;16;3;Seeland;665;583212;201471;0;490;45;48;230;114;116;230;0;0;0;228;2;0;0;0;109;83;13;4;9;127.295;0;53519.41069
156;Gurzelen;Seftigen;26;6;Voralpen;867;607230;180954;0;600;116;148;745;400;345;743;2;0;0;745;0;0;0;0;294;150;95;16;12;159.96;0;50256.69696
157;Gutenburg;Aarwangen;2;4;Oberaargau;332;627051;225686;0;526;12;12;71;39;32;68;3;0;0;71;0;0;0;0;29;17;6;4;1;125.883;0;53048.25105
158;Guttannen;Oberhasle;21;7;Oberland;782;664762;167471;0;1060;69;71;298;169;129;298;0;0;0;298;0;0;0;0;175;155;7;6;3;1.485;0;83922.41847
159;Gysenstein;Konolfingen;14;6;Voralpen;612;611900;193174;0;747;249;375;1890;957;933;1859;19;0;12;1866;16;8;0;0;813;345;304;89;26;170.335;0;53416.02375
160;Habkern;Interlaken;13;7;Oberland;579;632423;174968;0;1067;129;160;708;363;345;707;1;0;0;707;0;1;0;0;358;308;22;10;11;13.8;0;64800.47869
161;Hagneck;Nidau;19;3;Seeland;736;580956;211931;0;454;17;26;124;62;62;117;6;0;1;124;0;0;0;0;46;27;17;2;3;66.89;0;55315.67618
162;Hasle;Burgdorf;6;4;Oberaargau;406;615806;207286;0;570;373;500;2530;1278;1252;2515;8;0;7;2518;7;1;0;4;1166;609;362;93;36;114.965;0;52589.78087
163;Hasleberg;Oberhasle;21;7;Oberland;783;657956;176621;0;1049;185;242;944;465;479;938;6;0;0;938;5;0;0;0;477;376;42;3;22;22.625;0;73773.6409
164;Häutligen;Konolfingen;14;6;Voralpen;609;612817;189621;0;770;38;43;252;139;113;250;2;0;0;252;0;0;0;0;117;87;19;8;4;79.442;0;53910.06536
165;Heiligenschwendi;Thun;28;6;Voralpen;927;618387;177826;0;1013;120;164;962;454;508;938;22;1;1;943;16;0;0;3;390;187;115;30;26;171.061;0;57146.62299
166;Heimberg;Thun;28;6;Voralpen;928;612294;182502;0;570;175;314;1468;755;713;1444;23;0;1;1466;2;0;0;0;558;118;302;76;56;266.13;0;51075.43347
167;Heimenhausen;Wangen;30;4;Oberaargau;977;619643;229217;0;456;68;89;369;184;185;368;0;0;0;369;0;0;0;0;1701;63;86;7;15;111.515;0;51178.41463
168;Heimiswil;Burgdorf;6;4;Oberaargau;407;616785;212426;0;615;328;416;2237;1157;1080;2218;10;0;9;2232;1;2;2;0;1010;633;257;36;58;95.78;0;53006.69393
169;Hellsau;Burgdorf;6;4;Oberaargau;408;616165;221672;0;485;26;41;198;96;102;197;1;0;0;198;0;0;0;0;77;38;31;1;7;134.238;0;52469.62801
170;Hermrigen;Nidau;19;3;Seeland;737;585217;214511;0;470;53;61;305;173;132;303;2;0;0;303;2;0;0;0;127;73;35;11;8;88.941;0;55808.27547
171;Herzogenbuchsee;Wangen;30;4;Oberaargau;979;620895;227102;0;473;386;689;2913;1333;1580;2778;106;13;16;2863;31;18;0;0;1335;125;745;284;91;427.228;0;51078.84539
172;Hilterfingen;Thun;28;6;Voralpen;929;617093;176634;0;573;123;257;953;444;509;890;57;0;6;924;24;4;0;1;445;66;174;78;29;337.834;0;55287.7732
173;Hindelbank;Burgdorf;6;4;Oberaargau;409;607706;210086;0;526;117;190;1022;460;562;980;40;0;2;976;39;7;0;0;420;165;155;45;23;152.296;0;50135.66247
174;Höchstetten;Burgdorf;6;4;Oberaargau;410;614617;221582;0;476;38;58;265;142;123;264;1;0;0;264;1;0;0;0;117;72;30;9;9;99.993;0;52478.86899
175;Höfen;Thun;28;6;Voralpen;770;609564;174673;0;705;62;62;290;166;129;295;0;0;0;295;0;0;0;0;138;111;12;4;9;63.008;0;50214.41855
176;Hofstetten;Interlaken;13;7;Oberland;580;648343;178283;0;657;60;95;401;202;199;394;7;0;0;400;1;0;0;0;168;63;86;9;15;44.927;0;67081.78785
177;Homberg;Thun;28;6;Voralpen;931;618725;180665;0;950;87;95;514;284;230;512;1;0;1;513;1;0;0;0;242;180;44;6;8;79.271;0;56814.34489
178;Horrenbach;Thun;28;6;Voralpen;932;623966;180793;0;990;64;67;341;177;164;341;0;0;0;341;0;0;0;0;153;131;13;2;4;16.676;0;59868.11095
179;Huttwil;Trachselwald;29;4;Oberaargau;954;631217;218162;0;646;551;907;4169;2042;2127;4069;76;2;22;4143;11;13;0;2;1775;548;753;303;81;240.168;0;55480.15933
180;Iffwil;Fraubrunnen;11;3;Seeland;541;603008;212555;0;567;55;72;369;188;181;367;2;0;0;365;4;0;0;0;161;96;41;11;10;72.638;0;51170.44181
181;Inkwil;Wangen;30;4;Oberaargau;980;617809;227856;0;466;72;115;476;237;239;465;11;0;0;475;1;0;0;0;202;64;7;17;13;140.832;0;51391.86744
182;Innerbirrmoos;Konolfingen;14;6;Voralpen;614;619227;188237;0;912;93;111;579;292;287;575;3;1;0;575;3;1;0;0;238;147;62;18;24;129.77;0;55991.28036
183;Innertkirchen;Oberhasle;21;7;Oberland;784;660382;172471;0;642;192;221;937;461;476;931;6;0;0;933;2;2;0;0;480;325;98;27;21;7.799;0;80343.86205
184;Ins;Erlach;9;3;Seeland;496;574395;206504;0;488;248;330;1941;1172;769;1854;82;2;3;1810;118;12;0;1;706;387;166;74;44;81.692;0;56896.28183
185;Interlaken;Interlaken;13;7;Oberland;578;632549;170462;0;567;465;880;3621;1586;2035;3220;358;12;31;3402;110;58;3;48;1601;47;574;675;94;815.066;0;68391.46246
186;Ipsach;Nidau;19;3;Seeland;739;584123;218389;0;445;42;60;282;145;137;280;1;0;1;281;1;0;0;0;121;64;46;6;4;147.719;0;58266.04313
187;Iseltwald;Interlaken;13;7;Oberland;582;640237;173226;0;580;85;151;521;262;259;514;7;0;0;518;1;0;0;2;231;116;54;32;16;23.534;0;67510.39174
188;Isenfluh;Interlaken;13;7;Oberland;584;635003;163324;0;1098;21;31;118;60;58;118;0;0;0;118;0;0;0;0;68;36;17;10;2;5.651;0;67415.32032
189;Jaberg;Seftigen;26;6;Voralpen;868;609796;185336;0;547;30;36;164;87;77;164;0;0;0;164;0;0;0;0;64;44;9;3;2;120.644;0;53181.91235
190;Jegenstorf;Fraubrunnen;11;3;Seeland;540;605195;211024;0;530;111;222;1075;552;523;1061;13;1;0;1070;5;0;0;0;471;180;204;40;27;143.274;0;50585.75082
191;Jens;Nidau;19;3;Seeland;738;586710;216161;0;452;84;97;450;227;223;446;2;0;2;448;2;0;0;0;197;112;57;10;8;97.464;0;56867.13246
192;Kallnach;Aarberg;1;3;Seeland;304;584136;207439;0;464;181;276;1287;657;630;1274;13;0;0;1267;20;0;0;0;482;235;168;28;15;121.268;0;52261.2889
193;Kandergrund;Frutigen;12;7;Oberland;564;617208;154952;0;878;152;176;781;437;344;771;10;0;0;776;4;1;0;0;352;206;69;57;39;24.403;0;65972.7305
194;Kandersteg;Frutigen;12;7;Oberland;565;617663;149705;0;1169;117;183;727;344;383;700;26;0;1;711;10;3;1;2;314;82;55;149;10;5.399;0;65067.78672
195;Kappelen;Aarberg;1;3;Seeland;305;587005;212144;0;447;140;171;841;434;407;832;8;0;1;830;6;5;0;0;391;254;95;19;16;76.909;0;53178.30082
196;Kaufdorf;Seftigen;26;6;Voralpen;869;604581;187434;0;549;62;83;420;218;202;417;0;0;3;420;0;0;0;0;172;98;40;17;9;205.696;0;53569.31173
197;Kehrsatz;Seftigen;26;6;Voralpen;870;602660;195726;0;561;89;141;812;407;405;792;20;0;0;807;5;0;0;0;340;108;140;47;11;181.815;0;53427.11279
198;Kernenried;Burgdorf;6;4;Oberaargau;411;608449;213204;0;511;51;71;339;167;172;338;1;0;0;339;0;0;0;0;171;88;66;6;7;101.401;0;49996.87545
199;Kienersrüti;Seftigen;26;6;Voralpen;885;609350;182903;0;580;11;11;63;34;29;63;0;0;0;63;0;0;0;0;21;18;2;0;0;;;
200;Kiesen;Konolfingen;14;6;Voralpen;611;610831;185112;0;550;67;97;460;240;220;454;6;0;0;453;4;3;0;0;206;78;64;42;11;99.036;0;52748.27514
201;Kirchberg;Burgdorf;6;4;Oberaargau;412;611759;214671;0;511;225;480;2316;1084;1232;2274;32;4;6;2303;11;1;1;0;1051;223;659;74;36;257.919;0;50026.11678
202;Kirchdorf;Seftigen;26;6;Voralpen;872;608544;185488;0;607;99;138;607;319;288;605;2;0;0;601;5;1i;0;0;272;143;62;18;13;100.159;0;53181.94348
203;Kirchenthurnen;Seftigen;26;6;Voralpen;873;605164;185986;0;612;33;46;211;105;106;210;1;0;0;211;0;0;0;0;99;45;26;13;2;171.338;0;53473.48699
204;Kirchlindach;Bern;3;5;Mittelland Bern;354;598149;205400;0;600;152;208;1131;627;504;1108;23;0;0;1115;13;2;0;1;536;278;155;58;26;94.843;0;49070.00682
205;Kleindietwil;Aarwangen;2;4;Oberaargau;332;626735;221756;0;567;69;100;473;227;246;467;6;0;0;471;1;0;1;0;200;77;78;19;5;175.169;0;54209.34488
206;Köniz;Bern;3;5;Mittelland Bern;355;598080;196668;0;585;1059;1769;9010;4504;4506;8632;299;12;67;8795;198;49;2;36;3473;1037;1475;526;153;176.538;0;52632.06858
207;Koppigen;Burgdorf;6;4;Oberaargau;413;611904;220260;0;476;154;271;1325;672;653;1304;16;0;5;1311;12;1;0;1;518;157;259;34;41;191.906;0;52318.9758
208;Krattigen;Frutigen;12;7;Oberland;566;621593;167496;0;720;105;155;533;278;275;545;8;0;0;551;2;0;0;0;286;100;116;36;17;89.142;0;66057.75903
209;Krauchthal;Burgdorf;6;4;Oberaargau;414;609877;206445;0;585;233;343;2017;11614;853;1933;76;2;6;1923;70;17;0;7;705;347;236;34;75;103.22;0;50544.07227
210;La Chaux;Franches Montagnes;10;1;Jura;6744;568858;230278;1;1015;25;37;211;110;101;8;203;0;0;4;206;1;0;0;88;23;51;5;6;50.334;0;62073.73909
211;La Heutte;Courtelary;7;1;Jura;450;583786;226548;0;610;58;93;399;202;197;371;28;0;0;188;207;3;1;0;205;34;129;25;8;49.073;0;61361.16404
212;Lajoux;Moutier;17;1;Jura;6750;577358;236523;1;965;103;116;597;303;294;62;535;0;0;66;522;9;0;0;267;118;108;15;14;47.948;0;64578.71783
213;Lamboing;Neuveville;18;1;Jura;726;577060;218529;0;830;82;106;530;281;249;519;11;0;0;44;486;0;0;0;228;110;93;10;11;58.154;0;59777.299
214;Landiswil;Konolfingen;14;6;Voralpen;613;618373;200839;0;765;144;147;890;496;394;887;0;0;3;890;0;0;0;0;405;313;56;15;10;86.018;0;54198.89741
215;Längenbühl;Seftigen;26;6;Voralpen;948;607607;178430;0;654;44;52;276;138;138;276;0;0;0;273;3;0;0;0;102;67;23;4;;;;
216;Langenthal;Aarwangen;2;4;Oberaargau;329;626807;229022;0;483;688;1450;6280;2930;3350;5906;320;29;25;6121;109;34;7;9;2766;132;1534;677;126;439.385;0;52621.6571
217;Langnau;Signau;27;6;Voralpen;902;626380;199033;0;683;1024;1777;8667;4163;4504;8490;138;0;39;8595;44;26;1;1;3537;1203;1334;604;179;179.224;0;59050.03656
218;Lauenen;Saanen;24;7;Oberland;842;590962;141499;0;1259;143;160;675;337;338;675;0;0;0;674;1;0;0;0;299;252;16;111;7;11.495;0;69084.28176
219;Laufen;Laufen;15;2;Laufental;2787;604670;252377;2;357;293;550;2508;1249;1259;569;1911;27;1;2330;92;83;1;2;1191;120;723;199;57;218.906;0;56907.71695
220;Laupen;Laupen;16;3;Seeland;667;584926;194667;0;489;172;292;1305;634;671;1213;81;6;5;1276;17;10;0;2;624;68;381;86;17;319.104;0;53776.87859
221;Lauperswil;Signau;27;6;Voralpen;903;622775;201761;0;644;397;512;2716;1396;1320;2697;10;0;9;2702;13;1;0;0;1133;678;299;57;41;128.416;0;56955.31149
222;Lauterbrunnen;Interlaken;13;7;Oberland;584;636016;160273;0;806;774;1065;4218;2064;2154;4114;80;7;17;4159;33;6;4;16;1935;761;527;481;52;29.359;0;67304.85172
223;Leimiswil;Aarwangen;2;4;Oberaargau;332;624455;222044;0;630;87;101;597;315;242;592;3;0;2;594;3;0;0;0;243;161;48;11;6;127.461;0;53518.10569
224;Leissigen;Interlaken;13;7;Oberland;585;625583;167137;0;585;94;140;589;301;288;566;16;0;7;585;1;3;0;0;237;63;111;32;11;56.249;0;66595.38675
225;Lengnau;Büren;5;3;Seeland;387;594735;225716;0;444;251;502;2091;1068;1023;2009;79;0;3;2032;35;21;1;2;936;94;727;58;75;284.65;0;57753.99865
226;Lenk;Obersimmental;22;7;Oberland;792;600174;145014;0;1070;395;453;1758;935;823;1719;17;0;22;1743;8;5;0;2;842;586;104;97;50;13.927;0;67874.83921
227;Les Bois;Franches Montagnes;10;1;Jura;6742;559558;225209;1;1034;187;280;1171;602;569;119;1052;0;0;83;1084;4;0;0;573;244;233;40;24;47.385;0;65318.11419
228;Leuzigen;Büren;5;3;Seeland;388;601193;224687;0;460;161;224;1048;556;492;1021;26;0;0;1040;8;0;0;0;470;227;169;31;11;102.074;0;54373.85909
229;Liesberg;Laufen;15;2;Laufental;2788;599284;250328;2;524;133;191;891;462;429;77;800;0;14;799;42;50;0;0;399;101;229;41;28;71.57;0;57751.66869
230;Ligerz;Nidau;19;3;Seeland;740;576974;215027;0;437;99;122;475;215;260;466;7;0;2;426;49;0;0;0;212;102;48;31;12;260.149;0;58741.53596
231;Limpach;Fraubrunnen;11;3;Seeland;538;604496;217411;0;477;67;81;420;200;220;412;6;0;2;420;0;0;0;0;195;116;56;10;6;93.019;0;52384.78759
232;Lohnstorf;Seftigen;26;6;Voralpen;874;605510;183959;0;580;25;31;158;91;67;158;0;0;0;158;0;0;0;0;72;44;17;7;3;86.781;0;53358.48478
233;Lotzwil;Aarwangen;2;4;Oberaargau;331;626502;226590;0;505;182;335;1605;796;809;1562;43;0;0;1586;5;14;0;0;705;130;443;65;43;260.089;0;52748.83857
234;Loveresse;Moutier;17;1;Jura;696;584872;232570;0;783;49;69;410;191;219;390;19;0;1;70;339;1;0;0;176;31;117;19;9;87.611;0;62257.98499
235;Lugnez;Puntrut;23;1;Jura;6793;574295;259225;1;417;56;67;298;154;144;16;282;0;0;9;288;1;0;0;148;82;42;11;9;58.547;0;59801.42513
236;Lüscherz;Erlach;9;3;Seeland;497;578185;210664;0;447;62;72;335;177;158;333;2;0;0;334;1;0;0;0;141;102;21;9;15;61.563;0;55882.59395
237;Lütschenthal;Interlaken;13;7;Oberland;586;639063;165221;0;710;66;83;404;224;180;404;0;0;0;404;0;0;0;0;176;110;22;28;15;30.461;0;67870.35601
238;Lützelflüh;Trachselwald;29;4;Oberaargau;955;618694;205626;0;608;528;721;3705;192;21783;3658;24;0;22;3693;9;3;0;0;1664;861;538;120;66;138.876;0;54520.52721
239;Lyss;Aarberg;1;3;Seeland;306;590040;213293;0;452;420;755;3417;1722;1695;3311;98;0;8;3333;68;15;0;1;1479;215;803;274;91;288.085;0;53406.86396
240;Lyssach;Burgdorf;6;4;Oberaargau;415;610805;212485;0;518;101;150;704;366;338;701;2;0;1;699;4;1;0;0;300;117;118;39;20;114.966;0;49121.14834
241;Madiswil;Aarwangen;2;4;Oberaargau;332;627353;224108;0;542;294;420;1996;991;1005;1991;2;0;3;1984;9;0;0;3;896;458;311;45;44;131.189;0;53768.97352
242;Malleray;Moutier;17;1;Jura;717;587602;231942;0;706;141;312;1335;659;676;1215;114;0;fi;264;1042;28;0;1;629;73;459;52;45;129.585;0;61236.80106
244;Mattstetten;Fraubrunnen;11;3;Seeland;543;605711;208769;0;520;44;69;347;186;161;345;2;0;0;344;3;0;0;0;135;68;43;11;7;92.393;0;50146.18317
245;Meienried;Büren;5;3;Seeland;389;592622;220860;0;435;16;17;73;41;32;73;0;0;0;73;0;0;0;0;32;19;8;3;6;121.285;0;57344.68583
246;Meikirch;Aarberg;1;3;Seeland;307;594222;206480;0;664;144;172;858;449;409;858;0;0;0;856;2;0;0;0;368;243;70;21;14;83.977;0;50600.96378
247;Meinisberg;Büren;5;3;Seeland;390;593203;223423;0;442;92;123;609;311;298;601;8;0;0;600;8;1;0;0;267;103;133;20;13;136.587;0;57710.48705
248;Meiringen;Oberhasle;21;7;Oberland;785;657371;175635;0;595;483;711;2996;1474;1522;2900;87;0;9;2965;14;11;0;6;1373;463;423;336;97;74.899;0;70431.13287
249;Melchnau;Aarwangen;2;4;Oberaargau;333;631702;225894;0;532;171;304;1371;696;675;1345;26;0;0;1367;3;1;0;0;589;289;218;33;20;132.778;0;54023.94506
250;Mervelier;Delémont;8;1;Jura;6715;604919;243712;1;556;61;69;290;147;143;20;265;0;5;31;258;1;0;0;137;102;19;4;2;29.861;0;56109.03661
251;Merzligen;Nidau;19;3;Seeland;741;586007;215198;0;477;42;44;223;121;102;222;0;0;0;218;5;0;0;0;93;70;16;2;3;95.911;0;56197.40105
252;Mettembert;Delémont;8;1;Jura;6716;591080;249547;1;660;25;25;127;58;69;12;115;0;0;14;113;0;0;0;37;26;5;5;8;53.619;0;59160.25448
253;Miécourt;Puntrut;23;1;Jura;6810;580216;252840;1;485;100;115;494;246;248;169;323;0;2;156;336;2;0;0;221;117;73;11;10;75.242;0;60273.58388
254;Mirchel;Konolfingen;14;6;Oberland;615;615895;193855;0;669;68;100;457;233;224;454;2;0;1;456;0;1;0;0;200;90;72;15;6;194.757;0;53277.38979
255;Monible;Moutier;17;1;Jura;716;581964;236187;0;870;11;12;57;29;28;56;0;0;1;25;32;0;0;0;25;21;2;0;1;16.635;0;64882.87443
256;Montfaucon;Franches Montagnes;10;1;Jura;6751;570679;236935;1;1006;84;113;576;289;287;113;458;0;5;123;451;2;0;0;230;130;61;19;3;39.051;0;62458.16777
257;Montfavergier;Franches Montagnes;10;1;Jura;6751;573621;239914;1;810;23;23;98;53;45;0;98;0;0;3;95;0;0;0;44;34;4;0;0;;;
258;Montsevelier;Delémont;8;1;Jura;6730;605419;245366;1;568;70;95;432;210;222;2;430;0;0;22;409;1;0;0;195;97;76;7;6;56.31;0;56333.58973
259;Moosseedorf;Fraubrunnen;11;3;Seeland;544;603313;207387;0;534;98;156;768;418;350;761;7;0;0;759;9;0;0;0;323;115;106;42;17;120.491;0;48534.76236
260;Mörigen;Nidau;19;3;Seeland;742;582787;214837;0;484;34;41;190;98;92;186;2;0;2;185;5;0;0;0;95;72;13;6;2;87.532;0;56894.45855
261;Mötschwil;Burgdorf;6;4;Oberaargau;416;609785;210874;0;533;28;34;192;111;81;192;0;0;0;191;1;0;0;0;89;65;14;6;5;65.197;0;49399.42617
262;Moutier;Moutier;17;1;Jura;700;594971;236623;0;540;464;1094;4631;2221;2410;3070;1491;12;58;1173;3218;226;6;8;2019;122;1411;282;122;235.144;0;58878.69635
263;Mühleberg;Laupen;16;3;Seeland;668;586647;200591;0;585;369;464;2599;1390;1209;2493;95;1;10;2521;28;48;0;2;1181;577;423;67;38;99.995;0;52715.67806
264;Mühledorf;Seftigen;26;6;Voralpen;875;606967;186319;0;605;36;39;193;113;80;193;0;0;0;193;0;0;0;0;87;59;16;2;5;81.685;0;53231.08523
265;Mühlethurnen;Seftigen;26;6;Voralpen;876;605264;184769;0;580;124;148;660;349;311;651;9;0;0;653;2;5;0;0;319;165;100;39;21;221.968;0;53331.90585
266;Mülchi;Fraubrunnen;11;3;Seeland;538;602657;216754;0;478;51;65;283;156;127;283;0;0;0;283;0;0;0;0;142;100;22;7;4;74.696;0;52445.24521
267;Mullen;Erlach;9;3;Seeland;501;573386;209033;0;450;9;11;47;26;21;46;1;0;0;45;2;.;0;0;23;22;0;0;0;;;
268;Münchenbuchsee;Fraubrunnen;11;3;Seeland;546;600561;207851;0;560;221;431;2282;1217;1065;2217;58;3;4;2250;16;13;1;2;849;155;426;141;39;259.051;0;48754.14106
269;Münchenwiler;Laupen;16;3;Seeland;669;576209;195673;0;510;66;92;353;185;168;346;6;0;1;345;8;0;0;0;156;77;44;9;10;139.679;0;55796.68659
270;Münchringen;Fraubrunnen;11;3;Seeland;540;606350;210577;0;520;38;44;217;120;97;214;3;0;1;217;0;0;0;0;105;74;21;4;11;90.004;0;50394.36559
271;Münsingen;Konolfingen;14;6;Voralpen;616;608899;191710;0;543;292;513;3436;1647;1789;3318;97;2;19;3315;108;3;1;9;1005;222;489;118;106;406.105;0;53544.43726
272;Müntschemier;Erlach;9;3;Seeland;498;577445;204744;0;444;112;128;648;330;318;639;8;0;1;632;13;3;0;0;259;171;42;27;19;134.118;0;55517.06875
273;Muri;Bern;3;5;Mittelland Bern;356;603796;197476;0;558;310;528;2435;1126;1309;2326;94;4;11;2341;79;5;0;10;975;153;395;195;84;322.013;0;52986.06162
274;Muriaux;Franches Montagnes;10;1;Jura;6753;565149;232899;1;952;139;163;762;400;362;112;647;0;3;89;648;25;0;0;335;123;138;23;24;53.182;0;64308.4768
275;Nenzlingen;Laufen;15;2;Laufental;2789;609298;255210;2;450;36;52;271;138;133;9;262;0;0;269;2;0;0;0;126;63;51;7;10;73.446;0;56645.98098
276;Neuenegg;Laupen;16;3;Seeland;670;589321;194010;0;532;363;484;2378;1208;1170;2347;30;1;0;2330;45;2;0;1;1014;476;360;65;34;108.08;0;53076.61067
277;Neuveville;Neuveville;18;1;Jura;723;574052;212660;0;438;303;571;2511;1199;1312;2242;226;6;37;756;1692;36;0;27;1065;131;573;174;91;367.45;0;59169.73126
278;Nidau;Nidau;19;3;Seeland;743;584970;219358;0;437;262;588;2547;1254;1293;2261;242;11;33;2307;219;18;0;3;1090;21;678;246;44;1651.482;0;58319.58385
279;Niederbipp;Wangen;30;4;Oberaargau;981;619918;235309;0;463;330;579;2574;1324;1250;2513;51;0;10;2550;17;6;0;0;1103;418;483;103;55;146.839;0;52581.32572
280;Niederhünigen;Konolfingen;14;6;Voralpen;617;615241;192011;0;690;82;107;536;277;259;534;2;0;0;535;1;0;0;0;214;115;65;11;7;98.893;0;53944.95317
281;Niedermuhlern;Seftigen;26;6;Voralpen;877;602036;190028;0;830;92;103;626;323;303;624;0;0;2;626;0;0;0;0;274;207;44;3;10;85.776;0;53593.46894
282;Niederönz;Wangen;30;4;Oberaargau;982;618804;226106;0;457;66;99;486;248;238;474;11;0;1;480;0;2;0;0;200;71;91;14;9;171.542;0;51204.53645
283;Niederösch;Burgdorf;6;4;Oberaargau;405;613182;218393;0;487;49;70;303;171;132;303;0;0;0;302;1;0;0;0;152;102;22;6;6;66.034;0;51854.02244
284;Niederried b. Interlaken;Interlaken;13;7;Oberland;588;637522;174063;0;591;37;54;216;115;101;212;4;0;0;214;1;1;0;0;99;59;18;18;5;50.622;0;66810.7027
285;Niederried b. Kallnach;Aarberg;1;3;Seeland;304;585837;206627;0;475;46;70;295;153;142;288;1;0;6;285;4;0;0;6;114;64;30;5;8;64.514;0;51603.74302
286;Niederstocken;Niedersimmental;20;7;Oberland;770;610281;173269;0;650;45;54;206;104;102;206;0;0;0;206;0;0;0;0;84;52;22;1;5;37.576;0;55743.65336
287;Niederwichtrach;Konolfingen;14;6;Voralpen;632;610477;188749;0;551;97;146;807;389;418;789;2;0;16;804;2;1;0;0;330;144;129;27;18;136.663;0;53756.58237
288;Nods;Neuveville;18;1;Jura;724;572804;217986;0;895;112;144;689;382;307;676;9;0;4;99;588;1;0;1;289;209;31;11;22;25.627;0;61021.88287
289;Noflen;Seftigen;26;6;Voralpen;878;607989;183832;0;628;39;44;220;112;108;220;0;0;0;219;1;0;0;0;92;71;11;2;2;81.03;0;52167.0114
290;Noirmont;Franches Montagnes;10;1;Jura;6754;563563;230727;1;983;226;391;1788;917;871;137;1645;0;6;103;1645;39;0;1;751;173;436;62;28;87.192;0;64820.52531
291;Oberbalm;Bern;3;5;Mittelland Bern;357;597407;191316;0;786;169;196;1044;525;519;1044;0;0;0;1044;0;0;0;0;470;340;74;13;14;83.658;0;53419.28051
292;Oberbipp;Wangen;30;4;Oberaargau;983;616509;234376;0;500;114;175;905;469;436;897;8;0;0;904;1;0;0;0;349;138;170;14;24;106.358;0;52339.85677
293;Oberburg;Burgdorf;6;4;Oberaargau;418;613820;209843;0;548;291;602;3025;1512;1513;2993;25;0;7;3016;9;0;0;0;1328;387;707;125;78;213.62;0;50347.49952
294;Oberdiessbach;Konolfingen;14;6;Voralpen;619;614122;187462;0;610;189;315;1597;782;815;1577;18;0;2;1581;14;2;0;0;666;193;302;91;41;199.502;0;54255.02468
295;Oberhofen;Thun;28;6;Voralpen;934;618071;175682;0;567;161;1271;1111;498;613;1015;88;0;8;1946;16;18;0;31;504;72;219;104;38;405.418;0;58426.01388
296;Oberlangenegg;Thun;28;6;Voralpen;935;623006;183248;0;919;96;108;636;342;294;636;0;0;0;636;0;0;0;0;228;138;51;10;10;69.572;0;57713.262
297;Oberönz;Wangen;30;4;Oberaargau;979;619612;225329;0;468;54;83;345;168;177;343;2;0;0;343;2;0;0;0;100;55;78;17;12;118.349;0;51464.69111
298;Oberösch;Burgdorf;6;4;Oberaargau;405;612859;217631;0;493;24;31;169;87;82;109;0;0;0;168;1;0;0;0;72;56;9;2;2;79.693;0;51410.06497
299;Oberried;Interlaken;13;7;Oberland;589;639595;176439;0;376;117;131;528;280;248;517;11;0;0;526;1;1;0;0;264;126;96;24;11;26.425;0;66330.71087
300;Obersteckholz;Aarwangen;2;4;Oberaargau;334;628772;227688;0;526;85;104;493;255;238;492;1;0;0;491;2;0;0;0;208;116;57;9;14;126.626;0;53245.62024
301;Oberstocken;Niedersimmental;20;7;Oberland;770;608852;173849;0;692;39;56;203;101;102;203;0;0;0;202;1;0;0;0;83;55;19;6;7;48.772;0;54993.27375
302;Oberthal;Konolfingen;14;6;Voralpen;620;618753;196572;0;830;142;150;867;457;410;865;1;0;1;867;0;0;0;0;406;325;50;11;13;82.345;0;53805.99189
303;Oberwichtrach;Konolfingen;14;6;Voralpen;632;610532;187971;0;546;110;166;804;427;377;791;5;0;8;798;5;1;0;0;327;131;114;40;26;144.369;0;53690.86003
304;Oberwil b. Büren;Büren;5;3;Seeland;391;597775;219559;0;492;131;140;666;325;341;653;13;0;0;656;3;7;0;0;317;184;87;13;17;99.367;0;54902.44413
305;Oberwil im Simmenthal;Niedersimmental;20;7;Oberland;766;599536;167347;0;864;212;257;1101;581;520;1096;3;0;2;1097;4;0;0;0;483;355;58;39;34;23.779;0;68788.9236
306;Ochlenberg;Wangen;30;4;Oberaargau;985;622556;222151;0;580;144;158;914;496;418;914;0;0;0;911;3;0;0;0;422;331;54;6;26;75.574;0;53063.41932
307;Ocourt;Puntrut;23;1;Jura;6808;572746;244626;1;435;39;48;240;133;107;32;208;0;0;33;206;1;0;0;114;68;12;5;7;20.627;0;61726.36364
308;Oeschenbach;Aarwangen;2;4;Oberaargau;335;623421;216791;0;723;61;65;396;209;187;396;0;0;0;396;0;0;0;0;151;106;28;2;4;103.607;0;54938.98469
309;Oppligen;Konolfingen;14;6;Voralpen;622;611882;185579;0;563;62;84;420;212;208;420;0;0;0;417;3;0;0;0;173;78;57;11;12;128.048;0;53358.44689
310;Orpund;Nidau;19;3;Seeland;744;590457;220703;0;438;113;168;769;364;405;723;46;0;0;720;43;6;0;0;336;96;179;35;25;182.429;0;58530.52259
311;Orvin;Courtelary;7;1;Jura;438;583146;223154;0;669;121;186;792;411;381;776;15;0;1;144;638;10;0;0;356;153;137;20;14;36.556;0;61395.30697
312;Otterbach;Konolfingen;14;6;Voralpen;614;620038;189685;0;972;48;48;322;167;155;321;0;0;1;321;1;0;0;0;100;93;4;0;7;69.257;0;55825.20768
313;Perrefitte;Moutier;17;1;Jura;701;592681;235987;0;591;63;91;414;215;199;353;56;0;5;142;270;2;0;0;181;58;83;10;17;48.323;0;60088.15804
314;Péry;Courtelary;7;1;Jura;450;585671;227128;0;645;130;256;1191;628;563;1048;132;0;11;310;833;47;0;1;523;64;351;44;31;75.357;0;60768.48574
315;Pieterlen;Büren;5;3;Seeland;392;591634;224802;0;455;203;369;1698;837;861;1577;109;1;11;1612;58;28;0;0;776;99;582;54;54;203.726;0;58740.80264
316;Plagne;Courtelary;7;1;Jura;449;588538;226393;0;869;47;61;266;137;129;243;17;0;6;29;237;0;0;0;110;43;50;7;2;35.549;0;60448.43054
317;Pleigne;Delémont;8;1;Jura;6719;589098;250773;1;814;77;90;451;240;211;82;369;0;0;102;348;1;0;0;246;204;17;3;11;25.331;0;59523.5832
318;Pleujouse;Puntrut;23;1;Jura;6810;582806;251379;1;583;29;29;105;54;51;1;104;0;0;0;105;0;0;0;61;22;30;4;5;58.784;0;60261.91607
319;Pohlern;Thun;28;6;Voralpen;936;607386;174888;0;702;46;48;198;103;95;197;1;0;0;196;0;0;0;2;89;71;9;2;10;20.087;0;55277.19898
320;Pommerats;Franches Montagnes;10;1;Jura;6757;565819;235732;1;902;58;70;349;198;151;26;323;0;0;12;335;2;0;0;163;66;66;12;11;30.287;0;62184.82284
321;Pontenet;Moutier;17;1;Jura;717;586053;232016;0;748;40;62;295;155;140;274;20;0;1;101;190;4;0;0;141;28;98;9;4;109.16;0;62028.47953
322;Port;Nidau;19;3;Seeland;745;586096;218486;0;450;64;98;423;215;208;404;12;0;7;416;7;0;0;0;194;53;90;38;9;176.766;0;57216.46617
323;Prêles;Neuveville;18;1;Jura;726;576561;216526;0;827;61;90;444;236;208;427;7;0;10;104;340;0;0;0;194;95;52;19;9;64.828;0;59420.49781
324;Pruntrut;Puntrut;23;1;Jura;6800;572696;251739;1;430;701;1550;6358;2956;3402;1266;4982;71;39;784;5437;127;1;9;2884;149;1502;702;256;432.081;0;60644.19978
325;Radelfingen;Aarberg;1;3;Seeland;309;587108;207882;0;502;228;281;1443;735;708;1440;2;0;1;1429;14;0;0;0;618;377;176;25;21;97.124;0;50476.8912
326;Rapperswil;Aarberg;1;3;Seeland;310;597467;212367;0;523;292;364;1660;857;803;1649;11;0;0;1650;10;0;0;0;727;426;162;37;32;91.252;0;51711.98238
327;Rebeuvelier;Delémont;8;1;Jura;6720;597788;241545;1;674;59;72;387;194;193;59;328;0;0;52;335;.;0;0;129;48;64;5;13;46.12;0;57741.84433
328;Rebévelier;Delémont;8;1;Jura;715;580987;237694;0;970;8;8;45;22;23;12;33;0;0;12;33;0;0;0;19;16;1;2;3;13.194;0;64786.34808
329;Réclère;Puntrut;23;1;Jura;6809;561107;247330;1;595;60;64;291;146;145;5;285;0;1;6;283;2;0;0;135;69;48;6;16;47.098;0;60945.9259
330;Reconvilier;Moutier;17;1;Jura;703;582807;231592;0;735;202;435;2059;985;104;1722;330;1;6;421;1585;51;2;0;969;70;765;71;53;249.541;0;62247.84669
331;Reichenbach;Frutigen;12;7;Oberland;567;619561;163910;0;712;489;566;2456;1241;1215;2425;20;0;11;2441;3;4;0;8;1143;710;269;103;48;19.559;0;67403.30558
332;Reisiswil;Aarwangen;2;4;Oberaargau;336;630909;223876;0;637;47;55;296;155;141;296;0;0;0;296;0;0;0;0;129;91;31;1;6;147.791;0;54195.5566
333;Renan;Courtelary;7;1;Jura;441;561337;219699;0;894;171;349;1401;692;709;1254;138;0;9;257;1130;10;0;4;644;122;404;57;35;110.674;0;64595.60433
334;Reutigen;Niedersimmental;20;7;Oberland;767;613834;171346;0;624;126;202;769;384;385;746;12;0;11;769;0;0;0;0;345;142;118;35;17;68.982;0;60115.32298
335;Riggisberg;Seftigen;26;6;Voralpen;879;602904;184497;0;763;230;294;1800;911;889;1786;11;0;3;1763;30;7;0;0;545;261;193;36;50;233.683;0;54079.58034
336;Ringgenberg;Interlaken;13;7;Oberland;590;635017;172285;0;607;216;360;1386;699;687;1362;17;2;5;1378;5;0;0;3;580;137;253;100;58;158.768;0;67256.08001
337;Roche d'or;Puntrut;23;1;Jura;6809;563394;246376;1;842;16;16;97;55;42;1;96;0;0;0;97;0;0;0;45;30;6;7;2;28.315;0;61073.94995
338;Roches;Moutier;17;1;Jura;704;595757;239021;0;496;47;67;280;154;126;207;72;0;1;94;176;10;0;0;122;39;57;10;10;31.208;0;58512.95341
339;Rocourt;Puntrut;23;1;Jura;6803;563589;248827;1;512;45;48;217;114;103;1;216;0;0;2;214;1;0;0;94;68;11;8;6;48.468;0;60924.69931
340;Roggenburg;Delémont;8;1;Jura;2790;592616;253713;2;567;56;56;210;103;107;51;159;0;0;192;18;0;0;0;115;90;5;6;3;32.006;0;58554.61094
341;Roggwil;Aarwangen;2;4;Oberaargau;337;629003;232180;0;456;349;615;2651;1246;1405;2597;51;1;2;2645;2;0;0;4;1262;144;907;81;75;338.861;0;53078.52501
342;Rohrbach;Aarwangen;2;4;Oberaargau;338;628344;220279;0;585;218;353;1578;751;827;1560;17;0;1;1569;8;0;1;0;703;157;411;65;31;393.052;0;54728.2288
343;Rohrbachgraben;Aarwangen;2;4;Oberaargau;339;627460;218936;0;641;80;82;529;289;240;527;1;1;0;525;3;0;1;0;240;200;29;3;10;81.066;0;55221.61119
344;Romont;Courtelary;7;1;Jura;442;592554;226439;0;758;29;33;159;91;68;146;12;0;1;69;90;0;0;0;72;38;24;4;5;22.303;0;58958.43952
345;Röschenz;Laufen;15;2;Laufental;2791;602812;252663;2;455;82;131;705;347;358;41;664;0;0;698;7;0;0;0;324;114;138;10;17;69.966;0;57250.8314
346;Rossemaison;Moutier;17;1;Jura;6721;592615;243725;1;468;41;57;259;140;119;48;211;0;0;58;200;1;0;0;102;40;28;21;5;139.547;0;59282.33317
347;Röthenbach b. Herzogenbuchsee;Wangen;30;4;Oberaargau;977;618547;228439;0;465;56;67;282;142;140;279;3;0;0;281;1;0;0;0;149;60;67;9;22;141.73;0;51157.6141
348;Röthenbach im Emmenthal;Signau;27;6;Voralpen;904;623395;189095;0;827;234;262;1408;767;641;1402;6;0;0;1406;2;0;0;0;533;413;64;17;21;38.315;0;57200.73674
349;Rubigen;Konolfingen;14;6;Voralpen;623;608429;194095;0;546;202;273;1547;766;781;1538;8;0;1;1536;9;0;0;2;627;342;160;47;36;107.038;0;53646.4744
350;Rüderswil;Signau;27;6;Voralpen;905;621375;203560;0;656;337;444;2311;1176;1135;2306;5;0;0;2308;2;1;0;0;1053;618;288;64;41;134.379;0;55544.35037
351;Rüdtligen;Burgdorf;6;4;Oberaargau;420;609682;215034;0;507;82;113;561;280;281;557;3;0;1;560;1;0;0;0;977;101;121;28;10;209.474;0;50097.269
352;Rüeggisberg;Seftigen;26;6;Voralpen;880;600223;185767;0;935;425;475;2590;1334;1256;2583;6;0;1;2587;3;0;0;0;1124;829;158;40;44;72.384;0;55138.52135
353;Rüegsau;Trachselwald;29;4;Oberaargau;956;618009;208469;0;591;341;554;2639;362;1277;2608;27;0;4;2622;7;10;0;0;1153;455;494;80;32;174.487;0;54228.59602
354;Rumendingen;Burgdorf;6;4;Oberaargau;421;615240;217229;0;528;24;27;185;97;88;181;0;0;4;185;0;0;0;0;75;59;9;2;2;75.819;0;52215.10261
355;Rumisberg;Wangen;30;4;Oberaargau;987;615224;234986;0;640;64;79;377;200;177;375;1;0;1;377;0;0;0;0;155;83;58;6;13;73.055;0;53128.66905
356;Rümligen;Seftigen;26;6;Voralpen;881;604353;186654;0;654;62;78;402;213;189;401;1;0;0;400;2;0;0;0;161;93;40;10;3;86.757;0;53703.42629
357;Ruppoldsried;Fraubrunnen;11;3;Seeland;310;599079;215340;0;495;43;48;207;107;100;205;2;0;0;206;1;0;0;0;80;50;21;1;3;92.372;0;52923.73632
358;Rüschegg;Schwarzenburg;25;6;Voralpen;853;595067;180563;0;940;392;444;2364;1243;1121;2355;9;0;0;2359;5;0;0;0;919;587;156;130;54;41.399;0;60228.58643
359;Rüti b. Büren;Büren;5;3;Seeland;393;597596;222611;0;438;115;159;708;379;336;705;3;0;0;706;2;0;0;0;294;142;120;14;18;109.846;0;55673.53353
360;Rüti b. Lyssach;Burgdorf;6;4;Oberaargau;422;610509;211747;0;518;23;31;126;71;55;126;0;0;0;126;0;0;0;0;67;39;15;2;2;100.612;0;48766.08103
361;Rüti b. Riggisberg;Seftigen;26;6;Voralpen;879;600910;181104;0;827;83;92;551;298;253;547;4;0;0;550;1;0;0;0;2130;206;22;19;8;24.881;0;55951.00117
362;Rütschelen;Aarwangen;2;4;Oberaargau;340;625204;224749;0;556;95;127;541;293;248;540;1;0;0;541;0;0;0;0;226;104;101;8;10;134.568;0;52736.57082
363;Saanen;Saanen;24;7;Oberland;843;586168;148796;0;1021;846;1081;4534;2267;2267;4391;133;2;8;4335;142;36;0;21;1947;985;418;311;94;37.902;0;68012.60936
364;Safnern;Nidau;19;3;Seeland;746;591592;222159;0;439;122;170;798;411;387;786;9;0;3;787;11;0;0;0;338;141;163;19;7;140.74;0;58412.266
365;Saicourt;Moutier;17;1;Jura;706;582507;232477;0;753;89;122;981;453;528;870;106;0;5;457;523;1;0;0;250;97;111;12;57;70.758;0;65111.01802
366;Saignelégier;Franches Montagnes;10;1;Jura;6757;566472;233964;1;982;162;326;1561;741;820;239;1320;0;2;155;1376;29;0;1;623;102;292;127;41;134.334;0;62068.94177
367;Saulcy;Delémont;8;1;Jura;6722;578489;239080;1;910;45;48;244;133;111;1;243;0;0;9;235;0;0;0;113;84;15;6;9;30.862;0;64182.11653
368;Saules;Moutier;17;1;Jura;707;583584;232782;0;746;33;43;183;91;92;182;1;0;0;76;107;0;0;0;80;34;38;5;3;43.272;0;63640.62038
369;Saxeten;Interlaken;13;7;Oberland;591;630042;165107;0;1125;27;43;149;88;61;149;0;0;0;149;0;0;0;0;77;63;4;5;2;7.806;0;67313.77911
370;Schalunen;Fraubrunnen;11;3;Seeland;538;606513;217712;0;503;23;28;174;96;78;167;0;0;7;174;0;0;0;0;65;29;21;12;4;125.991;0;52021.96085
371;Schangnau;Signau;27;6;Voralpen;906;632438;186431;0;933;180;190;1062;580;482;1060;2;0;0;1062;0;0;0;0;446;304;82;28;15;29.374;0;61730.84005
372;Schattenhalb;Oberhasle;21;7;Oberland;786;657483;173142;0;906;146;164;855;368;487;845;9;0;1;844;6;1;0;4;340;193;91;25;16;27.282;0;72974.4442
373;Scheunen;Fraubrunnen;11;3;Seeland;540;601219;213232;0;575;17;19;107;59;48;107;0;0;0;107;0;0;0;0;48;36;5;0;3;48.916;0;51616.67198
374;Scheuren;Nidau;19;3;Seeland;747;591068;220421;0;435;44;53;274;144;130;267;7;0;0;269;4;0;0;1;117;51;47;8;6;134.376;0;57538.59828
375;Schlosswil;Konolfingen;14;6;Voralpen;624;613186;195302;0;742;119;153;811;435;376;807;3;0;1;811;0;0;0;0;358;214;82;18;15;234.395;0;53236.32634
376;Schüpfen;Aarberg;1;3;Seeland;311;595300;209688;0;535;329;472;2348;1279;1069;2307;35;0;2;2326;17;4;0;1;1012;426;398;86;64;118.413;0;51253.21704
377;Schwadernau;Nidau;19;3;Seeland;748;590072;219654;0;437;62;79;392;203;189;388;4;0;0;388;3;1;0;0;151;84;57;3;7;98.143;0;57404.01051
378;Schwanden;Interlaken;13;7;Oberland;592;647344;178641;0;683;51;65;286;161;125;284;2;0;0;282;1;3;0;0;139;42;81;8;11;41.043;0;66712.18246
379;Schwarzhäusern;Aarwangen;2;4;Oberaargau;341;625085;233853;0;435;60;84;392;189;203;382;10;0;0;384;4;4;0;0;176;88;74;6;13;104.633;0;52678.51201
380;Schwendibach;Thun;28;6;Voralpen;937;617055;179886;0;877;24;28;173;82;91;172;0;0;1;173;0;0;0;0;71;53;13;0;3;114.968;0;54858.79175
381;Seeberg;Wangen;30;4;Oberaargau;988;617119;222838;0;487;250;330;1708;904;804;1689;13;0;6;1699;7;0;0;0;704;372;210;55;37;108.406;0;52764.37315
382;Seedorf;Aarberg;1;3;Seeland;312;590306;209250;0;565;389;482;2854;1551;1303;2847;3;0;4;2846;7;0;0;1;985;510;360;58;89;136.859;0;50077.26054
383;Seehof;Moutier;17;1;Jura;709;605903;239566;0;756;22;22;113;58;55;81;32;0;0;112;1;0;0;0;41;36;2;2;4;13.646;0;55648.51209
384;Seftigen;Seftigen;26;6;Voralpen;883;607791;181745;0;591;133;200;903;467;436;894;6;0;3;899;2;2;0;0;365;136;165;32;31;228.39;0;51485.82187
385;Seleute;Puntrut;23;1;Jura;6808;575284;246188;1;646;19;20;110;65;45;31;79;0;0;27;82;1;0;0;53;42;3;2;4;16.565;0;61734.0314
386;Signau;Signau;27;6;Voralpen;907;621506;196620;0;688;420;577;2752;1410;1342;2732;14;0;6;2743;4;5;0;0;1210;654;353;92;44;124.74;0;56612.44218
387;Sigriswil;Thun;28;6;Voralpen;938;621520;174100;0;805;572;755;3466;1724;1742;3413;48;1;4;3450;12;0;0;4;1476;833;323;180;97;62.631;0;61113.83342
388;Siselen;Erlach;9;3;Seeland;499;580970;208947;0;465;106;123;575;312;263;572;3;0;0;569;4;2;0;0;282;222;34;10;11;103.876;0;53837.38733
389;Sonceboz;Courtelary;7;1;Jura;444;579535;227161;0;654;139;284;1240;578;609;1124;103;0;13;352;871;15;0;2;608;71;410;81;41;83.293;0;60824.45843
390;Sonvilier;Courtelary;7;1;Jura;445;564021;221109;0;818;219;479;1926;949;977;1735;150;0;41;502;1399;23;0;2;892;216;535;56;43;81.07;0;67821.62384
391;Sornetan;Moutier;17;1;Jura;716;582999;235931;0;851;31;32;171;85;86;166;5;0;0;59;112;0;0;0;78;54;14;4;2;30.002;0;64172.86624
392;Sorvilier;Moutier;17;1;Jura;711;589932;232063;0;686;60;94;444;228;216;416;26;0;2;79;364;1;0;0;196;61;103;11;16;64.445;0;59947.04065
393;Soubey;Franches Montagnes;10;1;Jura;6759;570501;239927;1;500;60;69;326;192;134;14;312;0;0;31;292;3;0;0;174;111;15;12;7;24.09;0;62054.23504
394;Souboz;Moutier;17;1;Jura;716;585308;236022;0;870;38;45;236;118;118;210;26;0;0;131;104;1;0;0;79;48;10;4;5;21.818;0;62223.55082
395;Soulce;Delémont;8;1;Jura;6729;587127;239088;1;607;75;87;350;180;170;13;337;0;0;23;326;1;0;0;171;94;31;14;8;23.473;0;61093.01026
396;Soyhières;Delémont;8;1;Jura;6724;594778;248974;1;403;75;104;491;258;233;58;432;0;1;121;357;12;0;1;234;56;112;41;24;64.024;0;58405.63865
397;Spiez;Niedersimmental;20;7;Oberland;768;618247;171084;0;603;670;997;4547;2321;2226;4256;266;1;24;4391;71;63;0;22;1823;455;662;484;98;270.597;0;63821.14879
401;St. Stephan;Obersimmental;22;7;Oberland;793;597059;150469;0;1005;597;815;3181;1564;1617;3066;91;0;0;3117;39;0;0;17;1404;472;498;233;92;26.104;0;63250.67136
402;Stalden;Konolfingen;14;6;Voralpen;612;613911;191147;0;667;94;176;860;419;441;845;14;0;1;847;5;6;1;1;354;78;175;56;9;334.542;0;69104.04092
398;St-Brais;Franches Montagnes;10;1;Jura;6758;575335;239401;0;975;69;76;389;204;185;39;350;0;.;35;350;4;0;0;189;113;34;16;7;99.405;0;61881.63265
403;Steffisburg;Thun;28;6;Voralpen;939;615244;181298;0;600;682;1538;6682;3300;3382;6463;188;0;31;6578;88;11;2;3;2702;434;1473;299;199;55.09;0;67632.24169
404;Stettlen;Bern;3;5;Mittelland Bern;358;606391;200899;0;564;98;174;825;430;395;782;43;0;0;802;3;7;0;13;353;94;195;21;19;496.368;0;53820.27489
399;St-Imier;Courtelary;7;1;Jura;443;566485;222497;0;826;558;1809;7011;3262;3749;5486;1370;8;147;1173;5618;209;1;10;3598;109;2755;465;210;502.017;0;52235.23994
405;Studen;Nidau;19;3;Seeland;749;589724;218015;0;439;67;101;534;288;246;519;11;3;1;523;10;0;1;0;235;71;129;19;8;230.821;0;51311.97732
400;St-Ursanne;Puntrut;23;1;Jura;6758;578600;246100;1;446;162;218;1149;586;563;108;1039;1;1;81;1024;42;0;2;462;32;284;73;34;196.399;0;57166.40592
406;Sumiswald;Trachselwald;29;4;Oberaargau;957;623288;208571;0;704;814;1155;5714;2897;2817;5658;53;2;1;5678;21;14;1;0;2380;1155;761;208;94;96.247;0;56772.76331
407;Sutz-Lattrigen;Biel;4;3;Seeland;750;583169;217023;0;450;74;95;433;224;209;419;14;0;0;414;18;1;0;0;214;114;64;18;25;121.785;0;57791.48626
408;Tägertschi;Konolfingen;14;6;Voralpen;616;611278;191441;0;610;46;66;316;164;152;307;9;0;0;312;1;3;0;0;162;89;40;17;3;88.722;0;53545.5812
409;Täuffelen;Nidau;19;3;Seeland;751;581772;212702;0;475;160;222;1046;519;527;1013;32;0;1;1019;17;10;0;0;423;117;212;64;30;237.311;0;55715.96208
410;Tavannes;Moutier;17;1;Jura;713;581728;230091;0;761;257;665;3006;1442;1564;2445;544;4;13;722;2214;68;0;2;1556;136;1190;144;37;203.13;0;62384.72454
411;Thierachern;Thun;28;6;Voralpen;941;610520;177824;0;569;158;226;984;515;469;980;4;0;0;973;8;1;0;2;407;178;132;27;25;130.818;0;44667.55545
412;Thörigen;Wangen;30;4;Oberaargau;989;622066;224929;0;483;101;143;641;333;308;637;3;0;1;639;2;0;0;0;304;124;135;24;16;142.895;0;51783.74249
413;Thun;Thun;28;6;Voralpen;942;614140;178277;0;570;1470;3260;14162;6773;7389;13236;794;47;85;13785;223;105;3;46;6096;507;2921;1481;355;656.757;1;49501.74947
414;Thunstetten;Aarwangen;2;4;Oberaargau;342;623714;227887;0;510;248;332;1589;809;780;1578;9;0;2;1587;1;1;0;0;695;334;242;65;63;162.967;0;51629.4527
415;Toffen;Seftigen;26;6;Voralpen;884;604132;189711;0;559;118;171;822;435;387;813;1;0;8;820;2;0;0;0;344;149;147;24;14;166.924;0;53629.66426
416;Trachselwald;Trachselwald;29;4;Oberaargau;958;623163;207378;0;683;226;258;1458;797;661;1448;5;0;5;1450;8;0;0;0;630;456;111;19;20;91.166;0;56639.13776
417;Tramelan;Courtelary;7;1;Jura;446;574138;230301;0;917;322;839;3726;1840;1886;3081;627;2;16;398;3232;91;0;5;1777;124;1390;167;113;150.128;0;61002.44797
418;Treiten;Erlach;9;3;Seeland;500;578884;206484;0;445;65;81;365;183;182;364;1;0;0;360;5;0;0;0;180;151;16;5;8;76.562;0;54744.85357
419;Trub;Signau;27;6;Voralpen;908;633408;199210;0;815;368;422;2485;1311;1174;2483;1;0;1;2478;7;0;0;0;1085;800;171;49;21;39.946;0;58249.08376
420;Trubschachen;Signau;27;6;Voralpen;909;631004;196948;0;737;122;154;847;446;401;845;2;0;0;843;2;2;0;0;361;226;81;37;10;54.17;0;59055.72966
421;Tschugg;Erlach;9;3;Seeland;501;572436;208483;0;495;47;60;455;233;222;442;11;0;2;431;23;1;0;0;122;83;20;9;17;173.715;0;58216.74388
422;Tüscherz;Nidau;19;3;Seeland;756;581534;218491;0;438;58;71;299;139;160;279;17;0;3;284;12;3;0;0;146;56;39;39;10;88.325;0;59993.45965
423;Twann;Nidau;19;3;Seeland;756;578837;216074;0;440;162;216;845;427;418;828;16;0;1;788;53;1;0;3;396;151;144;61;18;92.122;0;58945.71398
424;Uebeschi;Thun;28;6;Voralpen;943;608624;176503;0;680;85;194;445;239;206;444;1;0;0;441;4;0;0;0;196;141;29;5;10;104.055;0;48211.2984
425;Uetendorf;Thun;28;6;Voralpen;944;610498;180818;0;565;305;1440;2003;1014;989;1984;15;0;4;2000;3;0;0;0;811;296;325;70;61;197.279;0;47523.44578
426;Undervelier;Delémont;8;1;Jura;6729;583384;239156;1;539;76;112;530;270;260;95;435;0;0;82;438;8;0;2;232;58;110;24;11;37.797;0;63252.14147
427;Unterlangenegg;Thun;28;6;Voralpen;945;619403;183029;0;860;172;189;1003;525;478;992;2;0;9;1003;0;0;0;0;397;257;85;22;25;148.405;0;57350.29885
428;Unterseen;Interlaken;13;7;Oberland;593;631434;170794;0;571;436;778;3217;1555;1662;3029;167;0;21;3164;20;18;3;12;1307;154;653;295;100;229.745;0;67246.85657
429;Untersteckholz;Aarwangen;2;4;Oberaargau;329;630920;228305;0;502;42;50;260;141;119;259;1;0;0;260;0;0;0;0;122;87;20;7;5;89.573;0;53479.51533
430;Ursenbach;Aarwangen;2;4;Oberaargau;344;625359;220576;0;588;171;225;1155;600;555;1145;5;0;5;1153;2;0;0;0;529;291;176;30;22;125.534;0;54335.27713
431;Urtenen;Fraubrunnen;11;3;Seeland;551;604657;208282;0;522;133;229;1147;570;577;1126;19;0;2;1135;11;0;0;1;495;139;212;67;25;160.713;0;49632.4572
432;Uttigen;Seftigen;26;6;Voralpen;885;610362;182449;0;550;80;118;507;296;271;559;3;0;5;563;4;0;0;0;234;67;104;35;8;170.453;0;50552.43802
433;Utzenstorf;Fraubrunnen;11;3;Seeland;552;609003;219542;0;480;313;463;2142;1096;1046;2094;41;I;7;2132;8;2;0;0;960;359;425;91;47;125.916;0;51997.20285
434;Vauffelin;Courtelary;7;1;Jura;449;589747;226238;0;711;45;67;296;164;132;286;9;0;1;73;222;1;0;0;117;38;61;5;8;50.354;0;59856.68842
435;Vechigen;Bern;3;5;Mittelland Bern;359;609430;199578;0;609;376;442;2714;1398;1316;2689;25;0;0;2678;35;1;0;0;968;628;213;41;198;109.127;0;52005.66363
436;Vellerat;Moutier;17;1;Jura;6728;594809;241051;1;674;17;21;112;59;53;22;90;0;0;13;99;0;0;0;33;11;19;0;3;55.589;0;58898.58586
437;Vendlincourt;Puntrut;23;1;Jura;6806;577957;255627;1;450;148;169;662;314;348;107;555;0;0;109;547;4;1;1;316;115;122;25;26;72.87;0;60057.93482
438;Vermes;Delémont;8;1;Jura;6730;602980;242101;1;565;90;99;506;269;237;87;418;0;1;164;340;1;1;0;252;162;62;6;5;27.327;0;56451.18663
439;Vicques;Delémont;8;1;Jura;6730;598073;244035;1;455;111;130;679;336;343;77;602;0;0;101;572;6;0;0;270;129;108;16;13;53.288;0;57660.26913
440;Villeret;Courtelary;7;1;Jura;448;568044;222916;0;743;159;381;1409;677;732;1254;125;0;30;187;1217;5;0;0;726;63;577;32;90;85.545;0;67132.35852
441;Vinelz;Erlach;9;3;Seeland;502;575116;209246;0;474;78;85;411;204;207;408;3;0;.;400;10;0;0;1;192;128;44;6;8;88.134;0;56991.96537
442;Wachseldorn;Thun;28;6;Voralpen;946;621854;185245;0;987;49;54;298;166;132;296;1;0;1;297;1;0;0;0;116;92;13;6;0;;;
443;Wahlen;Laufen;15;2;Laufental;2792;605799;250080;2;408;63;89;483;255;228;38;445;0;0;475;8;0;0;0;218;76;119;12;14;89.884;0;56593.19371
444;Wahlern;Schwarzenburg;25;6;Voralpen;855;593236;185061;0;797;764;1030;5286;2697;2589;5232;35;0;19;5263;16;0;0;7;2294;1345;562;178;116;130.432;0;55570.14755
445;Walkringen;Konolfingen;14;6;Voralpen;626;613413;199677;0;701;292;369;2003;1041;962;1995;2;0;6;1999;3;0;1;0;813;468;226;56;29;117.903;0;53059.11986
446;Walliswil b. Wangen;Wangen;30;4;Oberaargau;991;618499;230909;0;461;37;45;220;113;107;220;0;0;0;219;1;0;0;0;901;25;54;4;10;71.262;0;51574.14253
447;Walperswil;Nidau;19;3;Seeland;754;584156;212037;0;472;109;122;638;330;308;638;0;0;0;630;7;1;0;0;316;240;46;12;10;92.196;0;53051.3738
448;Walterswil;Trachselwald;29;4;Oberaargau;959;625638;218038;0;661;112;122;756;382;374;7541;2;0;0;756;0;0;0;0;331;260;40;13;13;96.825;0;55340.24236
449;Wangen;Wangen;30;4;Oberaargau;992;616845;231215;0;422;180;319;1393;685;708;1308;77;0;8;1347;38;8;0;0;628;94;369;77;30;269.673;0;52086.77382
450;Wangenried;Wangen;30;4;Oberaargau;993;616439;229600;0;463;56;71;346;179;167;344;2;0;0;346;0;0;0;0;147;71;61;3;10;121.021;0;51690.02534
451;Wanzwil;Wangen;30;4;Oberaargau;977;619199;227582;0;458;22;28;108;56;52;107;1;0;0;107;1;0;0;0;64;27;28;5;0;;;
452;Wattenwil;Seftigen;26;6;Voralpen;886;605059;179930;0;604;375;465;2169;1129;1040;2142;22;0;5;2162;7;0;0;0;923;370;401;68;69;150.137;0;54279.46695
454;Wengi;Büren;5;3;Seeland;394;596707;214788;0;485;107;12;538;277;261;534;4;0;0;538;0;0;0;0;252;179;36;10;6;75.667;0;53474.0754
455;Wiedlisbach;Wangen;30;4;Oberaargau;995;615848;232914;0;467;161;246;1429;753;676;1397;31;0;1;1399;15;10;0;4;472;109;258;62;61;191.616;0;52387.08064
456;Wiggiswil;Fraubrunnen;11;3;Seeland;553;602450;208920;0;556;21;24;124;68;36;121;2;0;1;124;0;0;0;0;58;39;7;3;2;88.271;0;55823.19625
457;Wilderswil;Interlaken;13;7;Oberland;594;632972;168408;0;599;54;56;319;175;144;319;0;0;0;319;0;0;0;0;147;121;16;3;40;23.474;0;66426.93591
458;Wiler bei Utzenstorf;Fraubrunnen;11;3;Seeland;554;608889;222384;0;467;66;82;398;200;198;384;12;0;2;390;3;5;0;0;182;69;86;12;11;104.945;0;57042.98209
459;Wileroltigen;Laupen;16;3;Seeland;671;584506;202126;0;516;60;69;319;172;147;319;0;0;0;319;0;0;0;0;149;99;34;4;12;75.482;0;59301.12315
460;Willadingen;Burgdorf;6;4;Oberaargau;423;613083;221758;0;469;26;42;258;146;112;255;2;0;1;258;0;0;0;0;0;46;32;3;2;121.687;0;60250.46359
461;Wimmis;Niedersimmental;20;7;Oberland;769;615048;169102;0;632;250;349;1471;747;724;1447;22;0;2;1456;9;6;0;0;659;236;295;68;52;66.147;0;65004.7264
462;Wohlen;Bern;3;5;Mittelland Bern;360;593687;202175;0;544;438;580;3051;1645;1406;3021;26;0;4;3033;10;8;0;0;1261;733;325;66;65;83.848;0;54250.69876
463;Wolfisberg;Wangen;30;4;Oberaargau;996;616745;236018;0;677;37;45;207;107;100;205;0;0;0;207;0;0;0;0;90;43;36;2;4;86.847;0;53002.46426
464;Worb;Konolfingen;14;6;Voralpen;627;609571;197680;0;600;517;892;4297;2171;2126;4229;65;1;2;4260;30;3;0;4;1912;599;858;243;93;203.561;0;53099.3252
465;Worben;Nidau;19;3;Seeland;755;588893;215899;0;443;85;113;997;555;442;962;27;4;4;940;57;0;0;0;241;114;85;21;36;356.475;0;56589.5353
466;Wynau;Aarwangen;2;4;Oberaargau;345;628473;234282;0;418;190;300;1310;630;671;1265;40;0;5;1308;2;0;0;0;597;87;412;44;43;260.028;0;53120.41788
467;Wynigen;Burgdorf;6;4;Oberaargau;424;617310;217260;0;534;375;470;2509;1304;1205;2500;8;0;1;2504;3;1;1;0;1011;612;251;83;59;88.536;0;53839.89305
468;Wyssachen;Trachselwald;29;4;Oberaargau;960;629300;214311;0;691;244;270;1407;718;689;1407;0;0;0;1404;3;0;0;0;626;395;184;14;24;119.916;0;56539.53849
469;Zauggenried;Fraubrunnen;11;3;Seeland;538;607770;213579;0;506;45;71;331;163;168;329;0;0;2;331;0;0;0;0;156;106;35;5;3;90.333;0;50559.23697
470;Zäziwil;Konolfingen;14;6;Voralpen;628;616950;194617;0;689;161;263;1256;622;634;1251;4;0;1;1251;4;0;0;1;534;225;203;42;27;229.566;0;53471.44442
471;Zielebach;Fraubrunnen;11;3;Seeland;556;610186;223188;0;463;33;39;202;97;105;191;8;0;0;202;0;0;0;0;96;38;48;3;8;106.151;0;52759.99998
472;Zimmerwald;Seftigen;26;6;Voralpen;888;602404;191708;0;843;113;127;740;393;347;734;0;0;6;740;0;0;0;0;328;245;40;17;8;83.464;0;53464.57915
473;Zollikofen;Bern;3;5;Mittelland Bern;361;601733;204649;0;553;217;419;2223;1227;996;2126;80;2;15;2177;32;8;1;5;834;116;439;205;51;410.41;0;47475.60675
474;Zuzwil;Fraubrunnen;11;3;Seeland;557;602503;211146;0;569;45;59;268;142;126;266;2;0;0;267;1;0;0;0;119;79;28;3;2;77.113;0;50576.27637
475;Zweisimmen;Obersimmental;22;7;Oberland;794;594877;155639;0;964;470;650;2646;1329;1317;2603;26;8;9;2610;31;3;1;1;1106;506;270;198;66;36.271;0;67449.96475
476;Zwieselberg;Thun;28;6;Voralpen;947;613615;173221;0;659;44;152;246;148;98;244;2;0;0;246;0;0;0;0;129;84;35;3;6;99.989;0;56537.74182
477;Zwingen;Laufen;15;2;Laufental;2793;606965;254174;2;344;102;165;749;396;353;85;660;0;4;735;9;4;1;0;314;68;175;45;15;160.45;0;56697.2742
